time,x,y,theta, vx, vy, omega
0,0,0,0,0,0,0,0,0,4.5,0.5,22.5,1,1
0.01999999,0,0,0,0,0,0,0,0,4.5,0.5,22.5,1,1
0.03999998,0,0,0,0,0,0,0,0,4.5,0.5,22.5,1,1
0.05999998,0,0,0,0,0,0,0,0,4.5,0.5,22.5,1,1
0.07999997,0,0,0,0,0,0,0,0,4.5,0.5,22.5,1,1
0.09999996,0,0,0,0,0,0,0,0,4.5,0.5,22.5,1,1
0.12,0,0,0,0,0,0,0,0,4.5,0.5,22.5,1,1
0.1399999,0,0,0,0,0,0,0,0,4.5,0.5,22.5,1,1
0.1599999,0,0,0,0,0,0,0,0,4.5,0.5,22.5,1,1
0.1799999,0,0,0,0,0,0,0,0,4.5,0.5,22.5,1,1
0.1999999,0,0,0,0,0,0,0,0,4.5,0.5,22.5,1,1
0.2199999,0,0,0,0,0,0,0,0,4.5,0.5,22.5,1,1
0.2399999,0,0,0,0,0,0,0,0,4.5,0.5,22.5,1,1
0.2599999,0,0,0,0,0,0,0,0,4.5,0.5,22.5,1,1
0.2799999,0,0,0,0,0,0,0,0,4.5,0.5,22.5,1,1
0.2999999,0,0,0,0,0,0,0,0,4.5,0.5,22.5,1,1
0.3199999,0,0,0,0,0,0,0,0,4.5,0.5,22.5,1,1
0.3399999,0,0,0,0,0,0,0,0,4.5,0.5,22.5,1,1
0.3599999,0,0,0,0,0,0,0,0,4.5,0.5,22.5,1,1
0.3799998,0,0,0,0,0,0,0,0,4.5,0.5,22.5,1,1
0.3999999,0,0,0,0,0,0,0,0,4.5,0.5,22.5,1,1
0.4199998,0,0,0,0,0,0,0,0,4.5,0.5,22.5,1,1
0.4399998,0,0,0,0,0,0,0,0,4.5,0.5,22.5,1,1
0.4599998,0,0,0,0,0,0,0,0,4.5,0.5,22.5,1,1
0.4799998,0,0,0,0,0,0,0,0,4.5,0.5,22.5,1,1
0.4999998,0,0,0,0,0,0,0,0,4.5,0.5,22.5,1,1
0.5199998,0,0,0,0,0,0,0,0,4.5,0.5,22.5,1,1
0.5399998,0,0,0,0,0,0,0,0,4.5,0.5,22.5,1,1
0.5599998,0,0,0,0,0,0,0,0,4.5,0.5,22.5,1,1
0.5799997,0,0,0,0,0,0,0,0,4.5,0.5,22.5,1,1
0.5999998,0,0,0,0,0,0,0,0,4.5,0.5,22.5,1,1
0.6199998,0,0,0,0,0,0,0,0,4.5,0.5,22.5,1,1
0.6399997,0,0,0,0,0,0,0,0,4.5,0.5,22.5,1,1
0.6599997,0,0,0,0,0,0,0,0,4.5,0.5,22.5,1,1
0.6799997,0,0,0,0,0,0,0,0,4.5,0.5,22.5,1,1
0.6999997,0,0,0,0,0,0,0,0,4.5,0.5,22.5,1,1
0.7199997,0,0,0,0,0,0,0,0,4.5,0.5,22.5,1,1
0.7399997,0,0,0,0,0,0,0,0,4.5,0.5,22.5,1,1
0.7599997,0,0,0,0,0,0,0,0,4.5,0.5,22.5,1,1
0.7799997,0,0,0,0,0,0,0,0,4.5,0.5,22.5,1,1
0.7999997,0,0,0,0,0,0,0,0,4.5,0.5,22.5,1,1
0.8199997,0,0,0,0,0,0,0,0,4.5,0.5,22.5,1,1
0.8399997,0,0,0,0,0,0,0,0,4.5,0.5,22.5,1,1
0.8599997,0,0,0,0,0,0,0,0,4.5,0.5,22.5,1,1
0.8799996,0,0,0,0,0,0,0,0,4.5,0.5,22.5,1,1
0.8999996,0,0,0,0,0,0,0,0,4.5,0.5,22.5,1,1
0.9199997,0,0,0,0,0,0,0,0,4.5,0.5,22.5,1,1
0.9399996,0,0,0,0,0,0,0,0,4.5,0.5,22.5,1,1
0.9599996,0,0,0,0,0,0,0,0,4.5,0.5,22.5,1,1
0.9799996,0,0,0,0,0,0,0,0,4.5,0.5,22.5,1,1
0.9999996,0,0,0,0,0,0,0,0,4.5,0.5,22.5,1,1
1.02,0,0,0,0,0,0,0,0,4.5,0.5,22.5,1,1
1.04,0,0,0,0,0,0,0,0,4.5,0.5,22.5,1,1
1.06,0,0,0,0,0,0,0,0,4.5,0.5,22.5,1,1
1.08,0,0,0,0,0,0,0,0,4.5,0.5,22.5,1,1
1.1,0,0,0,0,0,0,0,0,4.5,0.5,22.5,1,1
1.12,0,0,0,0,0,0,0,0,4.5,0.5,22.5,1,1
1.14,0,0,0,0,0,0,0,0,4.5,0.5,22.5,1,1
1.159999,0,0,0,0,0,0,0,0,4.5,0.5,22.5,1,1
1.18,0,0,0,0,0,0,0,0,4.5,0.5,22.5,1,1
1.2,0,0,0,0,0,0,0,0,4.5,0.5,22.5,1,1
1.22,0,0,0,0,0,0,0,0,4.5,0.5,22.5,1,1
1.24,0,0,0,0,0,0,0,0,4.5,0.5,22.5,1,1
1.26,0,0,0,0,0,0,0,0,4.5,0.5,22.5,1,1
1.279999,0,0,0,0,0,0,0,0,4.5,0.5,22.5,1,1
1.299999,0,0,0,0,0,0,0,0,4.5,0.5,22.5,1,1
1.319999,0,0,0,0,0,0,0,0,4.5,0.5,22.5,1,1
1.339999,0,0,0,0,0,0,0,0,4.5,0.5,22.5,1,1
1.359999,0,0,0,0,0,0,0,0,4.5,0.5,22.5,1,1
1.379999,0,0,0,0,0,0,0,0,4.5,0.5,22.5,1,1
1.399999,0,0,0,0,0,0,0,0,4.5,0.5,22.5,1,1
1.419999,0,0,0,0,0,0,0,0,4.5,0.5,22.5,1,1
1.439999,0,0,0,0,0,0,0,0,4.5,0.5,22.5,1,1
1.459999,0,0,0,0,0,0,0,0,4.5,0.5,22.5,1,1
1.479999,0,0,0,0,0,0,0,0,4.5,0.5,22.5,1,1
1.499999,0,0,0,0,0,0,0,0,4.5,0.5,22.5,1,1
1.519999,0,0,0,0,0,0,0,0,4.5,0.5,22.5,1,1
1.539999,0,0,0,0,0,0,0,0,4.5,0.5,22.5,1,1
1.559999,0,0,0,0,0,0,0,0,4.5,0.5,22.5,1,1
1.579999,0,0,0,0,0,0,0,0,4.5,0.5,22.5,1,1
1.599999,0,0,0,0,0,0,0,0,4.5,0.5,22.5,1,1
1.619999,0,0,0,0,0,0,0,0,4.5,0.5,22.5,1,1
1.639999,0,0,0,0,0,0,0,0,4.5,0.5,22.5,1,1
1.659999,0,0,0,0,0,0,1,0,4.5,0.5,22.5,1,1
1.679999,0,0,0,6.972,4.768372E-07,0,1,0,4.5,0.5,22.5,1,1
1.699999,0,0,0,6.972,4.768372E-07,0,1,0,4.5,0.5,22.5,1,1
1.719999,0,0,0,6.971999,0,0,1,0,4.5,0.5,22.5,1,1
1.739999,0,0,0,6.971999,0,0,1,0,4.5,0.5,22.5,1,1
1.759999,0,0,0,6.972002,0,0,1,0,4.5,0.5,22.5,1,1
1.779999,0,0,0,6.972,-4.768372E-07,0,1,0,4.5,0.5,22.5,1,1
1.799999,0,0,0,6.972,0,0,1,0,4.5,0.5,22.5,1,1
1.819999,0,0,0,6.972,0,0,1,0,4.5,0.5,22.5,1,1
1.839999,0,0,0,6.972,4.768372E-07,0,1,0,4.5,0.5,22.5,1,1
1.859999,0,0,0,6.971999,0,0,1,0,4.5,0.5,22.5,1,1
1.879999,0,0,0,6.972001,0,0,1,0,4.5,0.5,22.5,1,1
1.899999,0,0,0,6.972,4.768372E-07,0,1,0,4.5,0.5,22.5,1,1
1.919999,0,0,0,6.972,4.768372E-07,0,1,0,4.5,0.5,22.5,1,1
1.939999,0,0,0,6.972,0,0,1,0,4.5,0.5,22.5,1,1
1.959999,0,0,0,6.972,0,0,1,0,4.5,0.5,22.5,1,1
1.979999,0,0,0,6.971999,0,0,1,0,4.5,0.5,22.5,1,1
1.999999,0,0,0,6.972001,0,0,1,0,4.5,0.5,22.5,1,1
2.019999,0,0,0,6.972,0,0,1,0,4.5,0.5,22.5,1,1
2.039999,0,0,0,6.972001,0,0,1,0,4.5,0.5,22.5,1,1
2.059999,0,0,0,6.972,0,0,0,0,4.5,0.5,22.5,1,1
2.079999,0,0,0,7.856428E-08,0,0,0,0,4.5,0.5,22.5,1,1
2.099999,0,0,0,-5.853495E-16,0,0,0,0,4.5,0.5,22.5,1,1
2.119999,0,0,0,4.361194E-24,0,0,0,0,4.5,0.5,22.5,1,1
2.139999,0,0,0,-3.249343E-32,0,0,0,0,4.5,0.5,22.5,1,1
2.159999,0,0,0,0,0,0,0,0,4.5,0.5,22.5,1,1
2.179999,0,0,0,0,0,0,0,-1,4.5,0.5,22.5,1,1
2.199999,0,0,0,0,0,-2.101546,0,-1,4.5,0.5,22.5,1,1
2.219999,0,0,0,0,0,-2.10156,0,-1,4.5,0.5,22.5,1,1
2.239999,0,0,0,0,0,-2.10156,0,-1,4.5,0.5,22.5,1,1
2.259999,0,0,0,0,0,-2.10156,-1,0,4.5,0.5,22.5,1,1
2.279999,0,0,0,-6.972001,0,-1.456598E-05,-1,0,4.5,0.5,22.5,1,1
2.299999,0,0,0,-6.971999,0,-7.985157E-11,-1,0,4.5,0.5,22.5,1,1
2.319999,0,0,0,-6.972001,0,-4.954902E-16,-1,0,4.5,0.5,22.5,1,1
2.339999,0,0,0,-6.972,0,-9.406746E-21,-1,0,4.5,0.5,22.5,1,1
2.359999,0,0,0,-6.972,-4.768372E-07,-1.683508E-25,-1,0,4.5,0.5,22.5,1,1
2.379999,0,0,0,-6.972002,0,-3.045856E-30,-1,0,4.5,0.5,22.5,1,1
2.399999,0,0,0,-6.972001,4.768372E-07,-5.468536E-35,-1,0,4.5,0.5,22.5,1,1
2.419999,0,0,0,-6.971999,0,0,-1,0,4.5,0.5,22.5,1,1
2.439999,0,0,0,-6.972001,0,0,-1,0,4.5,0.5,22.5,1,1
2.459999,0,0,0,-6.972001,4.768372E-07,0,-1,0,4.5,0.5,22.5,1,1
2.479999,0,0,0,-6.971999,0,0,-1,0,4.5,0.5,22.5,1,1
2.499999,0,0,0,-6.971999,-4.768372E-07,0,-1,0,4.5,0.5,22.5,1,1
2.519999,0,0,0,-6.972001,-4.768372E-07,0,-1,0,4.5,0.5,22.5,1,1
2.539999,0,0,0,-6.972002,0,0,-1,0,4.5,0.5,22.5,1,1
2.559999,0,0,0,-6.972,0,0,-1,0,4.5,0.5,22.5,1,1
2.579999,0,0,0,-6.971999,4.768372E-07,0,-1,0,4.5,0.5,22.5,1,1
2.599999,0,0,0,-6.971998,-4.768372E-07,0,-1,0,4.5,0.5,22.5,1,1
2.619999,0,0,0,-6.971996,0,0,-1,0,4.5,0.5,22.5,1,1
2.639999,0,0,0,-6.971999,0,0,-1,-1,4.5,0.5,22.5,1,1
2.659999,0,0,0,-3.485231,2.384186E-07,-1.050764,-1,-1,4.5,0.5,22.5,1,1
2.679999,0,0,0,-3.48523,2.384186E-07,-1.05078,-1,-1,4.5,0.5,22.5,1,1
2.699999,0,0,0,-3.48523,0,-1.050782,-1,-1,4.5,0.5,22.5,1,1
2.719999,0,0,0,-3.48523,0,-1.05078,-1,-1,4.5,0.5,22.5,1,1
2.739999,0,0,0,-3.485231,0,-1.05078,-1,-1,4.5,0.5,22.5,1,1
2.759999,0,0,0,-3.485231,0,-1.05078,-1,-1,4.5,0.5,22.5,1,1
2.779999,0,0,0,-3.485231,0,-1.05078,-1,-1,4.5,0.5,22.5,1,1
2.799999,0,0,0,-3.485231,0,-1.05078,-1,-1,4.5,0.5,22.5,1,1
2.819999,0,0,0,-3.485231,0,-1.05078,0,-1,4.5,0.5,22.5,1,1
2.839999,0,0,0,-3.146484E-06,0,-2.101553,0,-1,4.5,0.5,22.5,1,1
2.859999,0,0,0,-3.948199E-12,0,-2.10156,0,-1,4.5,0.5,22.5,1,1
2.879999,0,0,0,-5.850302E-18,-4.135903E-25,-2.10156,0,-1,4.5,0.5,22.5,1,1
2.899999,0,0,0,-1.023209E-23,7.888609E-31,-2.10156,0,-1,4.5,0.5,22.5,1,1
2.919999,0,0,0,-2.037941E-29,-1.504633E-36,-2.10156,0,-1,4.5,0.5,22.5,1,1
2.939999,0,0,0,-4.662703E-35,0,-2.10156,0,-1,4.5,0.5,22.5,1,1
2.959999,0,0,0,0,0,-2.10156,0,-1,4.5,0.5,22.5,1,1
2.979999,0,0,0,0,0,-2.101559,0,-1,4.5,0.5,22.5,1,1
2.999999,0,0,0,0,0,-2.10156,0,-1,4.5,0.5,22.5,1,1
3.019999,0,0,0,0,0,-2.10156,0,-1,4.5,0.5,22.5,1,1
3.039999,0,0,0,0,0,-2.10156,0,-1,4.5,0.5,22.5,1,1
3.059999,0,0,0,0,0,-2.10156,0,-1,4.5,0.5,22.5,1,1
3.079999,0,0,0,0,0,-2.10156,0,-1,4.5,0.5,22.5,1,1
3.099999,0,0,0,0,0,-2.10156,0,-1,4.5,0.5,22.5,1,1
3.119999,0,0,0,0,0,-2.10156,0,-1,4.5,0.5,22.5,1,1
3.139999,0,0,0,0,0,-2.10156,0,-1,4.5,0.5,22.5,1,1
3.159999,0,0,0,0,0,-2.10156,0,-1,4.5,0.5,22.5,1,1
3.179999,0,0,0,0,0,-2.101559,0,-1,4.5,0.5,22.5,1,1
3.199999,0,0,0,0,0,-2.10156,0,-1,4.5,0.5,22.5,1,1
3.219999,0,0,0,0,0,-2.10156,0,-1,4.5,0.5,22.5,1,1
3.239999,0,0,0,0,0,-2.101559,0,-1,4.5,0.5,22.5,1,1
3.259999,0,0,0,0,0,-2.10156,0,-1,4.5,0.5,22.5,1,1
3.279999,0,0,0,0,0,-2.10156,0,-1,4.5,0.5,22.5,1,1
3.299999,0,0,0,0,0,-2.10156,0,-1,4.5,0.5,22.5,1,1
3.319999,0,0,0,0,0,-2.10156,0,-1,4.5,0.5,22.5,1,1
3.339999,0,0,0,0,0,-2.10156,0,-1,4.5,0.5,22.5,1,1
3.359999,0,0,0,0,0,-2.10156,0,-1,4.5,0.5,22.5,1,1
3.379999,0,0,0,0,0,-2.10156,0,-1,4.5,0.5,22.5,1,1
3.399999,0,0,0,0,0,-2.10156,0,-1,4.5,0.5,22.5,1,1
3.419999,0,0,0,0,0,-2.10156,0,-1,4.5,0.5,22.5,1,1
3.439999,0,0,0,0,0,-2.10156,0,-1,4.5,0.5,22.5,1,1
3.459999,0,0,0,0,0,-2.10156,1,-1,4.5,0.5,22.5,1,1
3.479999,0,0,0,3.485228,-1.311302E-06,-1.050785,1,-1,4.5,0.5,22.5,1,1
3.499999,0,0,0,3.485232,-1.311302E-06,-1.05078,1,-1,4.5,0.5,22.5,1,1
3.519999,0,0,0,3.485231,-1.430511E-06,-1.050778,1,-1,4.5,0.5,22.5,1,1
3.539999,0,0,0,3.485234,-1.490116E-06,-1.05078,1,-1,4.5,0.5,22.5,1,1
3.559999,0,0,0,3.485232,-1.490116E-06,-1.05078,1,0,4.5,0.5,22.5,1,1
3.579998,0,0,0,6.971998,0,-9.283313E-06,1,0,4.5,0.5,22.5,1,1
3.599998,0,0,0,6.971999,-2.384186E-07,-7.697285E-11,1,0,4.5,0.5,22.5,1,1
3.619998,0,0,0,6.971998,-1.192093E-07,-7.035909E-16,1,0,4.5,0.5,22.5,1,1
3.639999,0,0,0,6.972004,-1.192093E-07,-1.671304E-20,1,0,4.5,0.5,22.5,1,1
3.659999,0,0,0,6.972,-1.192093E-07,-4.02235E-25,1,0,4.5,0.5,22.5,1,1
3.679999,0,0,0,6.971998,-1.192093E-07,-9.525577E-30,1,0,4.5,0.5,22.5,1,1
3.699999,0,0,0,6.971998,-1.192093E-07,-2.285117E-34,1,0,4.5,0.5,22.5,1,1
3.719999,0,0,0,6.972004,0,0,1,0,4.5,0.5,22.5,1,1
3.739999,0,0,0,6.972006,-1.192093E-07,0,1,0,4.5,0.5,22.5,1,1
3.759999,0,0,0,6.972006,-1.192093E-07,0,1,0,4.5,0.5,22.5,1,1
3.779999,0,0,0,6.972006,0,0,1,0,4.5,0.5,22.5,1,1
3.799999,0,0,0,6.972,-1.192093E-07,0,1,0,4.5,0.5,22.5,1,1
3.819999,0,0,0,6.972004,0,0,1,0,4.5,0.5,22.5,1,1
3.839998,0,0,0,6.972,-1.192093E-07,0,1,0,4.5,0.5,22.5,1,1
3.859998,0,0,0,6.971998,-1.192093E-07,0,1,0,4.5,0.5,22.5,1,1
3.879998,0,0,0,6.971998,-2.384186E-07,0,1,0,4.5,0.5,22.5,1,1
3.899998,0,0,0,6.971998,-2.384186E-07,0,1,0,4.5,0.5,22.5,1,1
3.919998,0,0,0,6.971998,-1.192093E-07,0,1,0,4.5,0.5,22.5,1,1
3.939998,0,0,0,6.971999,-1.192093E-07,0,1,0,4.5,0.5,22.5,1,1
3.959998,0,0,0,6.972005,-1.192093E-07,0,1,0,4.5,0.5,22.5,1,1
3.979998,0,0,0,6.972007,0,0,1,0,4.5,0.5,22.5,1,1
3.999998,0,0,0,6.972007,0,0,1,1,4.5,0.5,22.5,1,1
4.019999,0,0,0,3.485234,1.430511E-06,1.050754,1,1,4.5,0.5,22.5,1,1
4.039999,0,0,0,3.485231,1.311302E-06,1.05078,1,1,4.5,0.5,22.5,1,1
4.059999,0,0,0,3.485233,1.311302E-06,1.050786,1,1,4.5,0.5,22.5,1,1
4.079998,0,0,0,3.48523,1.311302E-06,1.05078,1,0,4.5,0.5,22.5,1,1
4.099998,0,0,0,6.971996,2.384186E-07,9.603528E-06,1,0,4.5,0.5,22.5,1,1
4.119998,0,0,0,6.972001,-2.384186E-07,8.400321E-11,1,0,4.5,0.5,22.5,1,1
4.139998,0,0,0,6.972004,0,7.68406E-16,1,0,4.5,0.5,22.5,1,1
4.159998,0,0,0,6.972,2.384186E-07,1.911821E-20,1,0,4.5,0.5,22.5,1,1
4.179998,0,0,0,6.971998,2.384186E-07,4.757381E-25,1,0,4.5,0.5,22.5,1,1
4.199998,0,0,0,6.971998,2.384186E-07,1.137776E-29,1,0,4.5,0.5,22.5,1,1
4.219998,0,0,0,6.971999,2.384186E-07,2.798671E-34,1,0,4.5,0.5,22.5,1,1
4.239998,0,0,0,6.972,0,0,1,0,4.5,0.5,22.5,1,1
4.259998,0,0,0,6.972,2.384186E-07,0,1,0,4.5,0.5,22.5,1,1
4.279998,0,0,0,6.972005,-2.384186E-07,0,1,0,4.5,0.5,22.5,1,1
4.299998,0,0,0,6.972006,-2.384186E-07,0,1,0,4.5,0.5,22.5,1,1
4.319998,0,0,0,6.971999,0,0,1,0,4.5,0.5,22.5,1,1
4.339998,0,0,0,6.971998,2.384186E-07,0,1,0,4.5,0.5,22.5,1,1
4.359998,0,0,0,6.971999,0,0,1,0,4.5,0.5,22.5,1,1
4.379998,0,0,0,6.972,2.384186E-07,0,1,0,4.5,0.5,22.5,1,1
4.399998,0,0,0,6.971999,0,0,1,0,4.5,0.5,22.5,1,1
4.419998,0,0,0,6.972004,-2.384186E-07,0,1,0,4.5,0.5,22.5,1,1
4.439998,0,0,0,6.972006,0,0,1,0,4.5,0.5,22.5,1,1
4.459998,0,0,0,6.972,0,0,1,0,4.5,0.5,22.5,1,1
4.479998,0,0,0,6.972004,-2.384186E-07,0,1,0,4.5,0.5,22.5,1,1
4.499998,0,0,0,6.972006,-2.384186E-07,0,1,0,4.5,0.5,22.5,1,1
4.519998,0,0,0,6.972,0,0,1,0,4.5,0.5,22.5,1,1
4.539998,0,0,0,6.972003,0,0,1,0,4.5,0.5,22.5,1,1
4.559998,0,0,0,6.972005,-2.384186E-07,0,1,0,4.5,0.5,22.5,1,1
4.579998,0,0,0,6.972005,0,0,1,0,4.5,0.5,22.5,1,1
4.599998,0,0,0,6.972004,-2.384186E-07,0,1,0,4.5,0.5,22.5,1,1
4.619998,0,0,0,6.971998,-2.384186E-07,0,1,0,4.5,0.5,22.5,1,1
4.639998,0,0,0,6.971997,-2.384186E-07,0,1,0,4.5,0.5,22.5,1,1
4.659998,0,0,0,6.971998,0,0,1,0,4.5,0.5,22.5,1,1
4.679998,0,0,0,6.972004,-2.384186E-07,0,1,0,4.5,0.5,22.5,1,1
4.699998,0,0,0,6.972005,0,0,1,0,4.5,0.5,22.5,1,1
4.719998,0,0,0,6.972,0,0,1,0,4.5,0.5,22.5,1,1
4.739998,0,0,0,6.971999,2.384186E-07,0,1,0,4.5,0.5,22.5,1,1
4.759998,0,0,0,6.971999,0,0,1,0,4.5,0.5,22.5,1,1
4.779998,0,0,0,6.972004,-2.384186E-07,0,1,0,4.5,0.5,22.5,1,1
4.799998,0,0,0,6.972006,0,0,1,0,4.5,0.5,22.5,1,1
4.819998,0,0,0,6.972,0,0,1,0,4.5,0.5,22.5,1,1
4.839998,0,0,0,6.972004,0,0,1,0,4.5,0.5,22.5,1,1
4.859998,0,0,0,0,0,0,1,0,4.5,0.5,22.5,1,1
4.879998,0,0,0,0,0,0,1,0,4.5,0.5,22.5,1,1
4.899998,0,0,0,0,0,0,1,0,4.5,0.5,22.5,1,1
4.919998,0,0,0,0,0,0,1,0,4.5,0.5,22.5,1,1
4.939998,0,0,0,0,0,0,1,0,4.5,0.5,22.5,1,1
4.959998,0,0,0,0,0,0,1,0,4.5,0.5,22.5,1,1
4.979998,0,0,0,0,0,0,1,0,4.5,0.5,22.5,1,1
4.999998,0,0,0,0,0,0,1,0,4.5,0.5,22.5,1,1
5.019998,0,0,0,0,0,0,1,0,4.5,0.5,22.5,1,1
5.039998,0,0,0,0,0,0,1,0,4.5,0.5,22.5,1,1
5.059998,0,0,0,0,0,0,1,0,4.5,0.5,22.5,1,1
5.079998,0,0,0,0,0,0,1,0,4.5,0.5,22.5,1,1
5.099998,0,0,0,0,0,0,1,0,4.5,0.5,22.5,1,1
5.119998,0,0,0,0,0,0,1,0,4.5,0.5,22.5,1,1
5.139998,0,0,0,0,0,0,1,0,4.5,0.5,22.5,1,1
5.159998,0,0,0,0,0,0,1,0,4.5,0.5,22.5,1,1
5.179998,0,0,0,0,0,0,1,0,4.5,0.5,22.5,1,1
5.199998,0,0,0,0,0,0,1,0,4.5,0.5,22.5,1,1
5.219998,0,0,0,0,0,0,1,0,4.5,0.5,22.5,1,1
5.239998,0,0,0,0,0,0,1,0,4.5,0.5,22.5,1,1
5.259998,0,0,0,0,0,0,1,0,4.5,0.5,22.5,1,1
5.279998,0,0,0,0,0,0,1,0,4.5,0.5,22.5,1,1
5.299998,0,0,0,0,0,0,1,0,4.5,0.5,22.5,1,1
5.319998,0,0,0,0,0,0,1,0,4.5,0.5,22.5,1,1
5.339998,0,0,0,0,0,0,1,0,4.5,0.5,22.5,1,1
5.359998,0,0,0,0,0,0,1,0,4.5,0.5,22.5,1,1
5.379998,0,0,0,0,0,0,1,0,4.5,0.5,22.5,1,1
5.399998,0,0,0,0,0,0,1,0,4.5,0.5,22.5,1,1
5.419998,0,0,0,0,0,0,1,0,4.5,0.5,22.5,1,1
5.439998,0,0,0,0,0,0,1,0,4.5,0.5,22.5,1,1
5.459998,0,0,0,0,0,0,1,0,4.5,0.5,22.5,1,1
5.479998,0,0,0,0,0,0,1,0,4.5,0.5,22.5,1,1
5.499998,0,0,0,0,0,0,1,0,4.5,0.5,22.5,1,1
5.519998,0,0,0,0,0,0,1,0,4.5,0.5,22.5,1,1
5.539998,0,0,0,0,0,0,1,0,4.5,0.5,22.5,1,1
5.559998,0,0,0,0,0,0,1,0,4.5,0.5,22.5,1,1
5.579998,0,0,0,0,0,0,1,0,4.5,0.5,22.5,1,1
5.599998,0,0,0,0,0,0,1,0,4.5,0.5,22.5,1,1
5.619998,0,0,0,0,0,0,1,0,4.5,0.5,22.5,1,1
5.639998,0,0,0,0,0,0,1,0,4.5,0.5,22.5,1,1
5.659998,0,0,0,0,0,0,1,0,4.5,0.5,22.5,1,1
5.679998,0,0,0,0,0,0,1,0,4.5,0.5,22.5,1,1
5.699998,0,0,0,0,0,0,1,0,4.5,0.5,22.5,1,1
5.719998,0,0,0,0,0,0,1,0,4.5,0.5,22.5,1,1
5.739998,0,0,0,0,0,0,1,0,4.5,0.5,22.5,1,1
5.759998,0,0,0,0,0,0,1,0,4.5,0.5,22.5,1,1
5.779998,0,0,0,0,0,0,1,0,4.5,0.5,22.5,1,1
5.799998,0,0,0,0,0,0,1,0,4.5,0.5,22.5,1,1
5.819998,0,0,0,0,0,0,1,0,4.5,0.5,22.5,1,1
5.839998,0,0,0,0,0,0,1,0,4.5,0.5,22.5,1,1
5.859998,0,0,0,0,0,0,1,0,4.5,0.5,22.5,1,1
5.879998,0,0,0,0,0,0,1,0,4.5,0.5,22.5,1,1
5.899998,0,0,0,0,0,0,1,0,4.5,0.5,22.5,1,1
5.919998,0,0,0,0,0,0,1,0,4.5,0.5,22.5,1,1
5.939998,0,0,0,0,0,0,1,0,4.5,0.5,22.5,1,1
5.959998,0,0,0,0,0,0,1,0,4.5,0.5,22.5,1,1
5.979998,0,0,0,0,0,0,1,0,4.5,0.5,22.5,1,1
5.999998,0,0,0,0,0,0,1,0,4.5,0.5,22.5,1,1
6.019998,0,0,0,0,0,0,1,0,4.5,0.5,22.5,1,1
6.039998,0,0,0,0,0,0,1,0,4.5,0.5,22.5,1,1
6.059998,0,0,0,0,0,0,1,0,4.5,0.5,22.5,1,1
6.079998,0,0,0,0,0,0,-1,0,47.96621,0.5,13.49279,2,1
6.099998,0,0,0,-6.971995,0,0,-1,0,47.96621,0.5,13.49279,2,1
6.119998,0,0,0,-6.972007,0,0,-1,0,47.96621,0.5,13.49279,2,1
6.139997,0,0,0,-6.972008,0,0,-1,0,47.96621,0.5,13.49279,2,1
6.159997,0,0,0,-6.972007,-2.384186E-07,0,-1,0,47.96621,0.5,13.49279,2,1
6.179997,0,0,0,-6.972004,-2.384186E-07,0,-1,0,47.96621,0.5,13.49279,2,1
6.199997,0,0,0,-6.972003,0,0,-1,0,47.96621,0.5,13.49279,2,1
6.219997,0,0,0,-6.972003,0,0,-1,0,47.96621,0.5,13.49279,2,1
6.239997,0,0,0,-6.972003,-2.384186E-07,0,-1,0,47.96621,0.5,13.49279,2,1
6.259997,0,0,0,-6.972002,-2.384186E-07,0,-1,0,47.96621,0.5,13.49279,2,1
6.279997,0,0,0,-6.972005,2.384186E-07,0,-1,0,47.96621,0.5,13.49279,2,1
6.299997,0,0,0,-6.972006,0,0,-1,0,47.96621,0.5,13.49279,2,1
6.319997,0,0,0,-6.972006,2.384186E-07,0,-1,0,47.96621,0.5,13.49279,2,1
6.339997,0,0,0,-6.972003,0,0,-1,0,47.96621,0.5,13.49279,2,1
6.359997,0,0,0,-6.972001,-2.384186E-07,0,-1,0,47.96621,0.5,13.49279,2,1
6.379997,0,0,0,-6.972004,2.384186E-07,0,-1,0,47.96621,0.5,13.49279,2,1
6.399998,0,0,0,-6.972005,0,0,-1,0,47.96621,0.5,13.49279,2,1
6.419998,0,0,0,-6.972006,2.384186E-07,0,-1,0,47.96621,0.5,13.49279,2,1
6.439998,0,0,0,-6.972003,-2.384186E-07,0,-1,0,47.96621,0.5,13.49279,2,1
6.459998,0,0,0,-6.972001,0,0,-1,0,47.96621,0.5,13.49279,2,1
6.479998,0,0,0,-6.972001,-2.384186E-07,0,-1,0,47.96621,0.5,13.49279,2,1
6.499998,0,0,0,-6.972001,-2.384186E-07,0,-1,0,47.96621,0.5,13.49279,2,1
6.519998,0,0,0,-6.972001,-2.384186E-07,0,-1,-1,47.96621,0.5,13.49279,2,1
6.539998,0,0,0,-3.485238,1.192093E-06,-1.05075,-1,-1,47.96621,0.5,13.49279,2,1
6.559998,0,0,0,-3.485232,1.192093E-06,-1.05078,-1,-1,47.96621,0.5,13.49279,2,1
6.579998,0,0,0,-3.485233,1.132488E-06,-1.050787,-1,-1,47.96621,0.5,13.49279,2,1
6.599998,0,0,0,-3.485234,1.013279E-06,-1.05078,-1,-1,47.96621,0.5,13.49279,2,1
6.619998,0,0,0,-3.485232,1.072884E-06,-1.05078,0,-1,47.96621,0.5,13.49279,2,1
6.639997,0,0,0,-1.342104E-06,1.408864E-10,-2.101549,0,-1,47.96621,0.5,13.49279,2,1
6.659997,0,0,0,-1.589645E-11,1.825864E-15,-2.101559,0,-1,47.96621,0.5,13.49279,2,1
6.679997,0,0,0,-1.457545E-16,2.220484E-20,-2.101563,0,-1,47.96621,0.5,13.49279,2,1
6.699997,0,0,0,-1.022856E-21,2.524102E-25,-2.101559,0,-1,47.96621,0.5,13.49279,2,1
6.719997,0,0,0,-3.886859E-27,2.677139E-30,-2.10156,0,-1,47.96621,0.5,13.49279,2,1
6.739997,0,0,0,4.053729E-32,2.644862E-35,-2.10156,0,-1,47.96621,0.5,13.49279,2,1
6.759997,0,0,0,1.175971E-36,2.429067E-40,-2.10156,0,-1,47.96621,0.5,13.49279,2,1
6.779997,0,0,0,0,0,-2.10156,0,-1,47.96621,0.5,13.49279,2,1
6.799997,0,0,0,0,0,-2.10156,0,-1,47.96621,0.5,13.49279,2,1
6.819997,0,0,0,0,0,-2.10156,0,-1,47.96621,0.5,13.49279,2,1
6.839997,0,0,0,0,0,-2.10156,0,-1,47.96621,0.5,13.49279,2,1
6.859997,0,0,0,0,0,-2.10156,0,-1,47.96621,0.5,13.49279,2,1
6.879997,0,0,0,0,0,-2.10156,0,-1,47.96621,0.5,13.49279,2,1
6.899997,0,0,0,0,0,-2.10156,0,-1,47.96621,0.5,13.49279,2,1
6.919997,0,0,0,0,0,-2.10156,0,-1,47.96621,0.5,13.49279,2,1
6.939997,0,0,0,0,0,-2.10156,0,-1,47.96621,0.5,13.49279,2,1
6.959997,0,0,0,0,0,-2.10156,0,-1,47.96621,0.5,13.49279,2,1
6.979997,0,0,0,0,0,-2.10156,0,-1,47.96621,0.5,13.49279,2,1
6.999997,0,0,0,0,0,-2.10156,0,-1,47.96621,0.5,13.49279,2,1
7.019997,0,0,0,0,0,-2.10156,0,-1,47.96621,0.5,13.49279,2,1
7.039997,0,0,0,0,0,-2.10156,0,-1,47.96621,0.5,13.49279,2,1
7.059997,0,0,0,0,0,-2.10156,0,-1,47.96621,0.5,13.49279,2,1
7.079997,0,0,0,0,0,-2.10156,0,-1,47.96621,0.5,13.49279,2,1
7.099997,0,0,0,0,0,-2.101559,0,-1,47.96621,0.5,13.49279,2,1
7.119997,0,0,0,0,0,-2.10156,0,-1,47.96621,0.5,13.49279,2,1
7.139997,0,0,0,0,0,-2.10156,0,-1,47.96621,0.5,13.49279,2,1
7.159997,0,0,0,0,0,-2.10156,0,-1,47.96621,0.5,13.49279,2,1
7.179997,0,0,0,0,0,-2.10156,0,-1,47.96621,0.5,13.49279,2,1
7.199997,0,0,0,0,0,-2.10156,0,-1,47.96621,0.5,13.49279,2,1
7.219997,0,0,0,0,0,-2.10156,0,-1,47.96621,0.5,13.49279,2,1
7.239997,0,0,0,0,0,-2.10156,0,-1,47.96621,0.5,13.49279,2,1
7.259997,0,0,0,0,0,-2.10156,1,-1,47.96621,0.5,13.49279,2,1
7.279997,0,0,0,3.48523,0,-1.050787,1,-1,47.96621,0.5,13.49279,2,1
7.299997,0,0,0,3.485231,-4.768372E-07,-1.05078,1,-1,47.96621,0.5,13.49279,2,1
7.319997,0,0,0,3.485233,-4.768372E-07,-1.05078,1,-1,47.96621,0.5,13.49279,2,1
7.339997,0,0,0,3.485231,0,-1.05078,1,-1,47.96621,0.5,13.49279,2,1
7.359997,0,0,0,3.485229,-4.768372E-07,-1.05078,1,-1,47.96621,0.5,13.49279,2,1
7.379997,0,0,0,3.48523,0,-1.05078,1,-1,47.96621,0.5,13.49279,2,1
7.399997,0,0,0,3.485231,0,-1.05078,1,0,47.96621,0.5,13.49279,2,1
7.419997,0,0,0,6.972003,4.768372E-07,-6.21882E-06,1,0,47.96621,0.5,13.49279,2,1
7.439997,0,0,0,6.972004,0,-3.573436E-11,1,0,47.96621,0.5,13.49279,2,1
7.459997,0,0,0,6.971999,4.768372E-07,-2.410991E-16,1,0,47.96621,0.5,13.49279,2,1
7.479997,0,0,0,6.972,4.768372E-07,-2.762035E-21,1,0,47.96621,0.5,13.49279,2,1
7.499997,0,0,0,6.972003,4.768372E-07,-3.59341E-26,1,0,47.96621,0.5,13.49279,2,1
7.519997,0,0,0,6.972002,0,-4.533209E-31,1,0,47.96621,0.5,13.49279,2,1
7.539997,0,0,0,6.972002,4.768372E-07,-5.467818E-36,1,0,47.96621,0.5,13.49279,2,1
7.559997,0,0,0,6.972003,0,0,1,0,47.96621,0.5,13.49279,2,1
7.579997,0,0,0,6.972003,9.536743E-07,0,1,0,47.96621,0.5,13.49279,2,1
7.599997,0,0,0,6.972002,4.768372E-07,0,1,0,47.96621,0.5,13.49279,2,1
7.619997,0,0,0,6.972004,0,0,1,0,47.96621,0.5,13.49279,2,1
7.639997,0,0,0,6.972003,0,0,1,0,47.96621,0.5,13.49279,2,1
7.659997,0,0,0,6.972,0,0,1,0,47.96621,0.5,13.49279,2,1
7.679997,0,0,0,6.972004,4.768372E-07,0,1,0,47.96621,0.5,13.49279,2,1
7.699997,0,0,0,6.972003,4.768372E-07,0,1,0,47.96621,0.5,13.49279,2,1
7.719997,0,0,0,6.971998,0,0,1,0,47.96621,0.5,13.49279,2,1
7.739997,0,0,0,6.972003,0,0,1,0,47.96621,0.5,13.49279,2,1
7.759997,0,0,0,6.972004,9.536743E-07,0,1,0,47.96621,0.5,13.49279,2,1
7.779997,0,0,0,6.972004,0,0,1,0,47.96621,0.5,13.49279,2,1
7.799997,0,0,0,6.972001,4.768372E-07,0,1,0,47.96621,0.5,13.49279,2,1
7.819997,0,0,0,6.972003,0,0,1,0,47.96621,0.5,13.49279,2,1
7.839997,0,0,0,6.972004,9.536743E-07,0,1,0,47.96621,0.5,13.49279,2,1
7.859997,0,0,0,6.972004,9.536743E-07,0,1,-1,47.96621,0.5,13.49279,2,1
7.879997,0,0,0,3.48523,0,-1.050768,1,-1,47.96621,0.5,13.49279,2,1
7.899997,0,0,0,3.485231,-2.384186E-07,-1.050779,1,-1,47.96621,0.5,13.49279,2,1
7.919997,0,0,0,3.485231,2.384186E-07,-1.050781,1,-1,47.96621,0.5,13.49279,2,1
7.939997,0,0,0,3.485231,-2.384186E-07,-1.05078,1,-1,47.96621,0.5,13.49279,2,1
7.959997,0,0,0,3.485229,-2.384186E-07,-1.05078,1,-1,47.96621,0.5,13.49279,2,1
7.979997,0,0,0,3.48523,0,-1.05078,1,-1,47.96621,0.5,13.49279,2,1
7.999997,0,0,0,3.485231,0,-1.05078,1,-1,47.96621,0.5,13.49279,2,1
8.019997,0,0,0,3.485231,0,-1.05078,1,-1,47.96621,0.5,13.49279,2,1
8.039997,0,0,0,3.485232,0,-1.05078,1,-1,47.96621,0.5,13.49279,2,1
8.059997,0,0,0,3.485231,0,-1.05078,1,-1,47.96621,0.5,13.49279,2,1
8.079997,0,0,0,3.485231,-2.384186E-07,-1.05078,1,-1,47.96621,0.5,13.49279,2,1
8.099997,0,0,0,3.485233,-2.384186E-07,-1.05078,1,-1,47.96621,0.5,13.49279,2,1
8.119997,0,0,0,3.485231,-2.384186E-07,-1.05078,1,-1,47.96621,0.5,13.49279,2,1
8.139997,0,0,0,3.485231,-2.384186E-07,-1.05078,1,-1,47.96621,0.5,13.49279,2,1
8.159997,0,0,0,3.485231,-2.384186E-07,-1.05078,1,-1,47.96621,0.5,13.49279,2,1
8.179996,0,0,0,3.485231,-2.384186E-07,-1.05078,1,-1,47.96621,0.5,13.49279,2,1
8.199997,0,0,0,3.485229,-2.384186E-07,-1.05078,1,-1,47.96621,0.5,13.49279,2,1
8.219996,0,0,0,3.48523,0,-1.05078,1,-1,47.96621,0.5,13.49279,2,1
8.239997,0,0,0,3.485231,-4.768372E-07,-1.05078,1,-1,47.96621,0.5,13.49279,2,1
8.259996,0,0,0,3.485232,-2.384186E-07,-1.05078,1,-1,47.96621,0.5,13.49279,2,1
8.279997,0,0,0,3.485231,-2.384186E-07,-1.05078,1,-1,47.96621,0.5,13.49279,2,1
8.299996,0,0,0,3.48523,-2.384186E-07,-1.05078,1,-1,47.96621,0.5,13.49279,2,1
8.319997,0,0,0,3.48523,-2.384186E-07,-1.05078,1,-1,47.96621,0.5,13.49279,2,1
8.339996,0,0,0,3.48523,0,-1.05078,1,-1,47.96621,0.5,13.49279,2,1
8.359997,0,0,0,3.48523,-2.384186E-07,-1.05078,1,-1,47.96621,0.5,13.49279,2,1
8.379996,0,0,0,3.48523,0,-1.05078,1,-1,47.96621,0.5,13.49279,2,1
8.399997,0,0,0,3.48523,-3.576279E-07,-1.05078,1,-1,47.96621,0.5,13.49279,2,1
8.419996,0,0,0,3.48523,-2.384186E-07,-1.05078,1,-1,47.96621,0.5,13.49279,2,1
8.439997,0,0,0,3.48523,-2.384186E-07,-1.05078,1,-1,47.96621,0.5,13.49279,2,1
8.459996,0,0,0,3.48523,-2.384186E-07,-1.05078,1,-1,47.96621,0.5,13.49279,2,1
8.479997,0,0,0,3.48523,-4.768372E-07,-1.05078,1,-1,47.96621,0.5,13.49279,2,1
8.499996,0,0,0,3.48523,-5.960464E-07,-1.05078,1,-1,47.96621,0.5,13.49279,2,1
8.519997,0,0,0,3.48523,-3.576279E-07,-1.05078,1,-1,47.96621,0.5,13.49279,2,1
8.539997,0,0,0,3.48523,-4.768372E-07,-1.05078,1,-1,47.96621,0.5,13.49279,2,1
8.559997,0,0,0,3.48523,-3.576279E-07,-1.05078,1,0,47.96621,0.5,13.49279,2,1
8.579997,0,0,0,6.971998,2.384186E-07,-8.093413E-06,1,0,47.96621,0.5,13.49279,2,1
8.599997,0,0,0,6.972001,2.384186E-07,-6.869012E-11,1,0,47.96621,0.5,13.49279,2,1
8.619997,0,0,0,6.972,2.384186E-07,-5.779355E-16,1,0,47.96621,0.5,13.49279,2,1
8.639997,0,0,0,6.972,2.384186E-07,-1.116052E-20,1,0,47.96621,0.5,13.49279,2,1
8.659997,0,0,0,6.972001,2.384186E-07,-2.21713E-25,1,0,47.96621,0.5,13.49279,2,1
8.679996,0,0,0,6.971998,0,-4.388165E-30,1,0,47.96621,0.5,13.49279,2,1
8.699997,0,0,0,6.971999,0,-8.415936E-35,1,0,47.96621,0.5,13.49279,2,1
8.719996,0,0,0,6.972001,0,0,1,0,47.96621,0.5,13.49279,2,1
8.739997,0,0,0,6.972,0,0,1,0,47.96621,0.5,13.49279,2,1
8.759996,0,0,0,6.972001,2.384186E-07,0,1,0,47.96621,0.5,13.49279,2,1
8.779997,0,0,0,6.972003,2.384186E-07,0,1,0,47.96621,0.5,13.49279,2,1
8.799996,0,0,0,6.972001,0,0,1,0,47.96621,0.5,13.49279,2,1
8.819997,0,0,0,6.972001,2.384186E-07,0,1,0,47.96621,0.5,13.49279,2,1
8.839996,0,0,0,6.972001,2.384186E-07,0,1,0,47.96621,0.5,13.49279,2,1
8.859997,0,0,0,6.972,2.384186E-07,0,1,0,47.96621,0.5,13.49279,2,1
8.879996,0,0,0,6.972,2.384186E-07,0,1,0,47.96621,0.5,13.49279,2,1
8.899997,0,0,0,6.971998,0,0,1,0,47.96621,0.5,13.49279,2,1
8.919996,0,0,0,6.972001,2.384186E-07,0,1,0,47.96621,0.5,13.49279,2,1
8.939997,0,0,0,6.972,2.384186E-07,0,1,0,47.96621,0.5,13.49279,2,1
8.959996,0,0,0,6.972001,0,0,1,0,47.96621,0.5,13.49279,2,1
8.979997,0,0,0,6.972,0,0,1,0,47.96621,0.5,13.49279,2,1
8.999996,0,0,0,6.972,2.384186E-07,0,1,0,47.96621,0.5,13.49279,2,1
9.019997,0,0,0,6.972001,2.384186E-07,0,1,0,47.96621,0.5,13.49279,2,1
9.039996,0,0,0,6.972001,2.384186E-07,0,1,0,47.96621,0.5,13.49279,2,1
9.059997,0,0,0,6.972001,0,0,1,0,47.96621,0.5,13.49279,2,1
9.079996,0,0,0,6.972001,0,0,1,0,47.96621,0.5,13.49279,2,1
9.099997,0,0,0,6.972001,0,0,1,0,47.96621,0.5,13.49279,2,1
9.119996,0,0,0,6.971999,2.384186E-07,0,1,0,47.96621,0.5,13.49279,2,1
9.139997,0,0,0,6.971999,0,0,1,0,47.96621,0.5,13.49279,2,1
9.159996,0,0,0,6.972,2.384186E-07,0,1,0,47.96621,0.5,13.49279,2,1
9.179996,0,0,0,6.972001,0,0,1,0,47.96621,0.5,13.49279,2,1
9.199996,0,0,0,6.972,2.384186E-07,0,1,0,47.96621,0.5,13.49279,2,1
9.219996,0,0,0,6.971999,4.768372E-07,0,1,0,47.96621,0.5,13.49279,2,1
9.239996,0,0,0,6.972,2.384186E-07,0,1,0,47.96621,0.5,13.49279,2,1
9.259996,0,0,0,6.972001,2.384186E-07,0,1,0,47.96621,0.5,13.49279,2,1
9.279996,0,0,0,6.972,2.384186E-07,0,1,0,47.96621,0.5,13.49279,2,1
9.299996,0,0,0,6.972,2.384186E-07,0,1,0,47.96621,0.5,13.49279,2,1
9.319996,0,0,0,6.972001,0,0,1,0,47.96621,0.5,13.49279,2,1
9.339996,0,0,0,6.972,2.384186E-07,0,1,0,47.96621,0.5,13.49279,2,1
9.359996,0,0,0,6.972,0,0,1,0,47.96621,0.5,13.49279,2,1
9.379996,0,0,0,6.972,-2.384186E-07,0,1,0,47.96621,0.5,13.49279,2,1
9.399997,0,0,0,6.972002,2.384186E-07,0,1,0,47.96621,0.5,13.49279,2,1
9.419996,0,0,0,6.972003,0,0,1,0,47.96621,0.5,13.49279,2,1
9.439997,0,0,0,6.972001,2.384186E-07,0,1,0,47.96621,0.5,13.49279,2,1
9.459996,0,0,0,6.972001,0,0,1,0,47.96621,0.5,13.49279,2,1
9.479997,0,0,0,6.972001,0,0,1,0,47.96621,0.5,13.49279,2,1
9.499996,0,0,0,6.972,2.384186E-07,0,1,0,47.96621,0.5,13.49279,2,1
9.519997,0,0,0,6.972,0,0,1,0,47.96621,0.5,13.49279,2,1
9.539996,0,0,0,6.972,0,0,1,0,47.96621,0.5,13.49279,2,1
9.559997,0,0,0,6.972,0,0,1,0,47.96621,0.5,13.49279,2,1
9.579996,0,0,0,6.971999,4.768372E-07,0,1,0,47.96621,0.5,13.49279,2,1
9.599997,0,0,0,6.972001,2.384186E-07,0,1,0,47.96621,0.5,13.49279,2,1
9.619996,0,0,0,6.972001,2.384186E-07,0,1,0,47.96621,0.5,13.49279,2,1
9.639997,0,0,0,6.972001,0,0,1,0,47.96621,0.5,13.49279,2,1
9.659996,0,0,0,6.972,0,0,1,0,47.96621,0.5,13.49279,2,1
9.679996,0,0,0,6.972,2.384186E-07,0,1,0,47.96621,0.5,13.49279,2,1
9.699996,0,0,0,6.972,2.384186E-07,0,1,0,47.96621,0.5,13.49279,2,1
9.719996,0,0,0,6.972001,2.384186E-07,0,1,0,47.96621,0.5,13.49279,2,1
9.739996,0,0,0,6.972001,0,0,1,0,47.96621,0.5,13.49279,2,1
9.759996,0,0,0,6.972001,4.768372E-07,0,1,0,47.96621,0.5,13.49279,2,1
9.779996,0,0,0,6.972,2.384186E-07,0,1,0,47.96621,0.5,13.49279,2,1
9.799996,0,0,0,6.972002,2.384186E-07,0,1,0,47.96621,0.5,13.49279,2,1
9.819996,0,0,0,6.972001,2.384186E-07,0,1,0,47.96621,0.5,13.49279,2,1
9.839996,0,0,0,6.972,2.384186E-07,0,1,0,47.96621,0.5,13.49279,2,1
9.859996,0,0,0,6.972001,2.384186E-07,0,1,-1,47.96621,0.5,13.49279,2,1
9.879996,0,0,0,3.485232,-5.960464E-07,-1.050762,1,-1,47.96621,0.5,13.49279,2,1
9.899996,0,0,0,3.48523,-4.768372E-07,-1.05078,1,-1,47.96621,0.5,13.49279,2,1
9.919996,0,0,0,3.485231,-3.576279E-07,-1.050783,1,-1,47.96621,0.5,13.49279,2,1
9.939996,0,0,0,3.485231,-4.768372E-07,-1.05078,1,-1,47.96621,0.5,13.49279,2,1
9.959996,0,0,0,3.48523,-4.768372E-07,-1.05078,1,-1,47.96621,0.5,13.49279,2,1
9.979996,0,0,0,3.485231,-5.960464E-07,-1.05078,1,-1,47.96621,0.5,13.49279,2,1
